q,dq,cost
1.3860879027824582,3.778498058444323,2.2665063429220806
3.1389149374574266,5.893737376394585,10.967660656725576
2.88880480758145,2.5193378658042116,8.56466190642507
0.13525898336721218,2.9673163537894727,0.07400489302382376
0.03622296643493726,1.4709466197001326,0.01184819187698161
2.5489985765630307,5.6565210853016605,7.3975197159182144
0.8209963988429329,0.6303892470619905,0.6852396363153265
0.08171760520545059,5.679434566814002,0.14036184076155597
2.26259268222172,5.099946593699222,5.831835754062304
1.6468323795103743,5.43176490496465,3.340926501594849
2.796381045472467,1.962516408624178,7.9166940653988656
0.7060791406742424,1.827197442271009,0.5820132142114589
0.11210622516619594,5.20567999354193,0.1386207269641795
2.757938583186813,2.6266693615872274,7.850862584236282
1.1555237875824047,7.214975315091372,2.0464188503362117
1.2114633219882995,3.303825150926963,1.7315409831162005
1.8693264467726765,3.827447881504158,3.915450955113267
0.07523460021441235,4.6822325862165455,0.099141822429871
3.140560437250426,3.960010450083254,10.451126907598226
2.0075879288567258,7.065498573662199,5.053118447464556
0.17655916239501854,6.373721988477486,0.23777465505033724
2.5545317583122116,0.273765917617804,6.310171673895132
0.7159279539185968,2.3716388307947014,0.6320878956452101
1.4028377057266272,4.518045161782426,2.4101135928552306
0.8262545824471375,0.24062885166240644,0.6694107038853702
0.10847061058822995,5.477976825124642,0.1476701205984349
0.4868531345300134,5.872165023170182,0.541653853397608
2.4288195783577073,0.14723249129025096,5.684357462976253
2.2217472677134116,1.759400437138364,5.027393834716722
1.0395575033951676,3.3870301761462906,1.327238407822007
2.330350355482237,0.657019467169933,5.321106816503069
2.337063909415138,1.2193426742830464,5.449932530887069
1.1963015123440381,4.811919755866987,1.8616215447578839
1.4367300382647092,0.3593666942893776,2.0177354716313936
1.8095089727941356,1.3425498957661688,3.322214383747751
2.91998318741506,7.242874699841349,9.944708292243057
0.6657189474818294,7.752273906615581,0.9857823034242543
2.4438708525335318,2.3991697495251962,6.171984759287952
2.109279957519927,0.10172010483740301,4.283045858877478
1.1430252894168211,5.982687360831541,1.8597376852632965
2.6020664086073446,6.399060087673219,7.859960813632489
1.5269821460030117,2.8199816915826723,2.5730748164686723
0.1997638175705447,1.7556473832788324,0.07326310917071698
2.9585054187199114,7.845201436958483,10.356029674681537
0.8757439087797061,5.962746456182921,1.2243780146399155
1.297094442479736,0.23819732909946012,1.6363361451598548
1.7371597122783176,6.401116850389259,3.827273754360886
0.5275934322439704,0.48564426334319855,0.28628224569624233
0.3557775900996027,4.345186743433645,0.2920978112132814
1.1840634036392308,2.048391258108838,1.5334765344841448
2.5860068795896582,6.839656826938551,7.877053034004058
1.8029287001182643,7.962435973850982,4.356428430027709
2.8394920319142716,6.824277876705653,9.338310857038485
2.3906606182439876,0.5964827670116595,5.586364584157887
1.0835473216647988,0.692986605485725,1.1820255046131287
2.7861700341356856,2.88782193805534,8.066183528382597
0.0795161063452938,3.312147583831215,0.05926529110571664
0.6665852608898274,6.860655139782349,0.903802670751584
1.4116425897992961,0.39529876682267684,1.952298247338101
2.255986745522151,2.9382229838472123,5.388674486278902
2.185054664108868,0.3192952566286076,4.630437541401027
1.2043061513847613,5.86974916824211,2.010248785757943
0.10095740289357413,2.293062031770197,0.0428987191819727
1.421125955241076,7.408714731166723,2.870374104443927
0.8052440239660051,4.679475980799133,0.9629471054624672
1.0200884944732915,6.611176560316647,1.6224543338262691
0.048979669410219244,1.9207108569556581,0.020590479625359533
0.8491228351589816,6.290894926121891,1.2015265278116134
2.295966784316373,6.668952031568279,6.31911743845852
1.7399543736497176,0.27970458897434636,2.939364400812767
0.337565599104737,6.445878908814512,0.396128931057406
2.627843158619914,0.9663055176890003,6.810931615661034
0.6943729694751307,0.5075280196623817,0.4887966742931968
0.7454293592218773,2.901043584317571,0.7157687317882618
1.5102124644430273,4.804180403749879,2.784856968597194
1.8829372401341722,5.439375528025429,4.2344749396707835
1.1176525829952437,0.1725654185796115,1.2122235098468135
2.6904082054017904,2.809227749034137,7.522486447576684
2.429543749307219,7.873122624516601,7.275922644939399
1.0563190806279972,6.911180875096917,1.7475279603267948
1.6177730016019307,0.4298306008952828,2.561301008177724
1.5073854216815035,0.4063621448452652,2.2243435999266423
0.7443770217452981,4.6992532096634845,0.8534932218934338
2.457506853931776,7.261622381275154,7.2806368580060665
0.6135332773945352,3.2211669507147347,0.5364536407737148
1.6603463030845906,4.439909312011362,3.239394490050791
0.4980298598935441,3.9292401893658893,0.42764947358413113
2.72856414527872,1.0303306905899987,7.349823115328175
1.9642164723005027,1.4767706934852347,3.9175193936708985
2.0085256825586892,1.4035985930538102,4.079803964780653
0.7877817649268244,5.481420551783662,1.0014461821814038
0.17827180404362059,7.507543727616585,0.30274869191802495
0.29257419779973254,5.547843911746793,0.29539959586447384
2.0202083816205976,6.111746952497884,4.926894456158735
2.6516593028922366,0.8515359091065635,6.910558600493764
2.912581166941089,0.3791437903279835,8.220298212452963
0.8009432071998518,1.4886225687038213,0.7085625818174878
1.8574821881077266,4.126239246256647,3.9174124331645976
0.12150748384126903,0.49017383306160056,0.019222025956153764
1.4951678828323307,0.10766016510329735,2.1559782648666728
3.0793690789535213,5.650088792016107,10.514298954706614
2.5378707469901762,7.543157515564015,7.782070039728486
0.3825773900683407,3.153242268273617,0.2586833415410794
1.2397923308611734,4.556046544459562,1.9479703497700207
3.089536439180305,6.33576133885399,10.770349119139462
1.116948352930079,5.742648271857598,1.7637407687492674
1.8783824014720403,2.3415437877026086,3.719878569040957
2.634442298060336,3.34613120773962,7.338994645523459
2.2273827584444916,3.775385315125349,5.412540862985064
0.28959419859547536,4.449156529356944,0.23532783897521925
0.3060128891361526,3.783875511174667,0.2182152742398847
1.5885226425374175,4.077275856377227,2.941156155480464
2.240583616784869,4.230494738184293,5.558986353682202
2.9499055145146746,4.227323841715219,9.33703706843692
1.4782312217366214,3.6530718581287402,2.5285483657630454
1.7603159750306083,0.8545943605224586,3.0834515467916557
0.01596535568298217,1.268422275575988,0.006716210734509847
2.238792324516111,2.4257305001032066,5.219197373664632
0.7243936499006777,0.7738648023785206,0.5457870704746648
0.3091603135969414,3.583824302675585,0.21187080152719961
0.9260283340216686,1.9252020045279012,0.9631617423468193
2.168747878835317,7.480650000914559,5.874990495889371
0.6184784516568418,5.995930838071882,0.7472901705533055
0.5068834108379632,2.8719540233286347,0.37752299713707227
0.17557547956684838,5.7809171552739125,0.20703555356314446
1.369765600222589,7.523812792845696,2.7220917875534996
0.3242315355739229,2.5560932438492214,0.1811770942666596
1.2295544642122833,1.2249315938404157,1.5638355902827343
2.5359675041531466,2.125846749692829,6.5745712827989085
1.3876377289126265,4.135891771779047,2.31576668380003
0.6993236994281673,5.701250443883636,0.8589363649161179
0.10228895007925874,5.163832121521351,0.13124103950811822
2.064884907091431,7.9265290531982915,5.4823282651254495
0.7251391307886828,2.595086028406751,0.6615881318848944
0.14544099735070565,5.6800216729388255,0.18048147370504866
1.1372144816032292,1.3511356766939082,1.3574216979313254
0.9776449003429164,3.992597095087244,1.2490346842421785
1.174539984565897,4.230018210640597,1.738688928317056
0.9257107526942577,2.8515800002318406,1.03842051732205
0.02334339177481988,4.517323787992638,0.07164225692081122
0.6567852338420016,4.334248304133455,0.6783466265729805
2.0822335095653295,6.959127263397551,5.365804797961075
2.702995046839802,7.15259227793609,8.616595763318374
2.006261217292775,3.147170350022237,4.34885273814232
0.10484439462328919,0.017714946310204205,0.010679176680763125
0.7917495165995432,2.8122157986631597,0.7871242527945062
3.115992358654216,4.190651218485167,10.355656387228011
2.1547248976686064,0.9534462848176499,4.604944980550513
0.9082805941766139,7.047122874001531,1.4093164193195786
1.4771920957034619,1.3897594282417565,2.247709597959523
2.4323073811660887,6.5055880775960695,6.974461369244445
2.076023700393837,4.386204885181702,4.8532879335215435
0.05059966082849133,3.782680740168926,0.06083039939144851
0.45195378070578607,3.629074913853536,0.35567202349975013
2.804185122526352,3.614497634571074,8.33491827914585
0.973750579591139,6.326066259937899,1.4800709117314832
1.581354060051839,4.8537294363626,3.0277321555673185
1.0821249115418703,5.4864470413098685,1.6467787178589173
2.234710108419864,0.9414948588206267,4.945223637891613
1.012840283777222,2.9116677406424554,1.223908502176484
2.508787058352015,6.494199335921822,7.375220569192549
2.6884203800555118,7.492685360681624,8.619049426356817
0.9055437151730306,2.2183423819817056,0.9473197258601392
3.040575845257372,0.11191068144292515,8.897196415527238
0.01426508200390909,2.698497276331545,0.02563660148533905
1.3106056860874704,2.1687051879301684,1.8680413335875548
3.0269887027156135,4.956253276174048,9.997077548068525
0.21128652766154732,1.389659599436758,0.07009019324966734
0.3806376854239728,6.666282239705744,0.4609720533901689
3.0136099923182598,0.8073382426769813,8.896680957822564
1.4254592773679755,0.5637113789736095,2.008180176779036
0.11667222275022117,5.283332610526071,0.14453392494426584
3.0226109565324557,6.263653214988258,10.320812073456022
0.2003247556747857,7.219136515098165,0.3053494590403271
0.11040477436431655,5.3504995767331405,0.14352991256780842
2.713257671345518,5.418169753413657,8.246548452826072
1.8414313741475037,3.378214035016372,3.7384571416278343
2.8593290732173413,1.3172943156797752,8.125668613745601
2.544305063708832,7.4943382627206505,7.805587292137564
1.4704924965840078,1.141083822582952,2.199654461978986
0.9798277302958344,2.729203567951762,1.1377008831111985
2.495549518943064,1.1904590394328691,6.193167053924752
2.840414873900739,7.140590495369263,9.427884745273598
2.1731668262378103,1.2212544233301559,4.726732612313838
0.46580931952810745,6.475636598041082,0.5570137095014545
1.8338300750857046,7.179072938774908,4.340042210637952
0.572761986182948,1.1296377845103152,0.3654907257136475
0.3281745778955709,5.895788153101012,0.3515550693820309
1.6090370291771052,4.859831155597023,3.123072498167834
2.872928484848219,5.0029256277148,9.07079640443772
2.8324171643316296,5.87547836088208,9.050502687524277
1.608698750199279,0.3947801348005813,2.528762572794181
2.027619845731449,6.730281951625222,5.076631734889664
0.7323020290898812,2.400962299510846,0.6596360319649713
2.0045013500368936,0.46138864428158577,3.921668867431731
0.08738126033145295,3.8887685435822084,0.07897700583217161
2.3835142444987176,2.1535636140115795,5.835503542692388
0.5626682655717204,5.027971789609644,0.587191053901033
2.822763513612086,7.630862022549975,9.452453528417687
1.5590350467893674,1.4356826632846689,2.4998863229122934
2.2989522471766506,1.8227911516842932,5.383266145379762
1.2845440172311005,4.168253460512249,2.0244947054487077
1.9527266948740158,7.164292264905897,4.8335980566035746
2.362880436623918,6.74385656847431,6.670880933607384
1.7431360466929642,3.4552665952570942,3.387809545792678
1.1674693898649897,4.702031115727979,1.77366102128779
1.027570541183463,0.17436469924162346,1.0258747661299927
1.807366026448476,6.842579203422982,4.174579116312018
0.24580620860402386,2.297837383973855,0.11528287640296456
2.033014043621855,5.840945329881033,4.931935910556098
2.9430193758576593,7.719183760696884,10.22207041033565
3.1272039601518413,6.433705146440282,11.044131488705965
0.9399916506033366,2.781178385100808,1.0609000368015815
0.8377509915007199,4.396830969575741,1.0000637361128297
1.119123301879884,5.37791775031763,1.7271333700361144
1.0965412898550257,3.597323846369795,1.4792380801691374
1.213174979548337,7.3871868533114755,2.2304774460229795
2.064606394725728,1.2257788496966668,4.276564939268361
1.881136395255819,6.411119708226456,4.39572200424025
2.097281509697593,4.677070444012817,4.997814127801814
2.1686303831866627,3.656957503251581,5.1269775700827
1.0705165939050092,3.1843653716190667,1.377637406958156
1.389498727521838,5.4112104761615765,2.4874840161696516
0.6972436486613741,1.692919848870127,0.5607007900508928
1.2380427602218727,2.6727994008804634,1.7320426876085857
1.3417787320093442,7.710408218267135,2.661027121088159
1.3915648744854416,1.648354493909979,2.0319771828095217
1.5596095313823637,3.391360812354004,2.751907488544764
1.9006506314853868,3.9551205997272527,4.058068428273254
1.2787523548432909,0.11933279617984471,1.5795624026052317
0.7980261853272649,3.5846120055882036,0.8579812355262681
3.1076614274513394,4.19540358156434,10.304056443289362
0.49294148859118175,3.6379486306005884,0.40410944580877867
0.741774676296182,7.517912337216579,1.1074354205432426
1.8910793350079012,6.7215770161820645,4.4920106152059445
0.8065857372579125,3.089235637790275,0.8341575273423611
2.402574555436096,5.310912611369128,6.559947351658392
1.6039094484528507,0.20188153615343207,2.491104579250437
0.13226236741395012,3.279200609122438,0.0816400136843926
3.1193195248808796,7.5439693200197615,11.315490723009273
0.6039288533592976,1.5644757142967647,0.4258789439808058
1.5183345564484314,5.414348250547422,2.8977626025957046
1.338174984688851,2.5429312524902343,1.984165292471988
2.659097477413224,4.081245130125622,7.634469513565316
1.3813444970565159,5.3560508095792105,2.455251442988682
0.836790763279719,5.9691212221730465,1.1441951517184528
2.3273347794793198,1.3288276520090898,5.424865155878703
2.205779373732323,3.3325486288925115,5.233804391730629
2.3017737048303766,1.4283806279867246,5.326357669122154
2.2981007370386166,7.3419414631543605,6.476512098937057
2.053195318236468,3.3043888085403843,4.568831048074668
0.956039407511374,2.7243247262593853,1.0884073864300798
2.5685690773023317,0.7093855669661293,6.4618236127907425
0.1309887138428375,5.181611443849857,0.14913573522038315
2.248301834706925,6.4615141975248225,6.042131859537693
2.8427599263407473,2.1612558793298335,8.220165363857543
2.0666468009490764,5.345553709499992,4.986586489056337
0.576355069384716,3.163656447178669,0.48180629700527244
2.0326343383137857,2.313831343277392,4.320213146988842
0.17734783683476565,6.431604970859224,0.24145567007605115
1.9512482956142712,5.90276226077933,4.594803013243071
2.2171163769185074,5.184760939088511,5.6349483446636315
0.19690616550267043,0.022435804690061012,0.037511063412911
0.4060378334899368,7.139094242244056,0.526608756030177
2.9994115541844364,4.140914373677066,9.615867749620094
1.0266704905930613,1.699070618728598,1.1463337369708675
2.15034937465612,4.933364176636982,5.280815630091218
3.1172467354468774,4.952983290393925,10.567460379061535
2.6873256830170615,5.842614831714381,8.202324917833334
2.568404408240466,4.582245324338601,7.259060308445112
3.011162681976966,5.652342722422844,10.082730094541194
0.6892629594981013,1.6777928468655618,0.5481950822694839
2.5250559333848805,4.612187569910784,7.037472637517393
0.1807895389318423,5.644334661478634,0.20435778919393816
0.17380629736937855,4.034018965544633,0.1303750768198846
2.689436309968783,6.49154028902473,8.37299012070448
3.113143436216974,0.34448967802545916,9.381985362060492
1.550948441931312,0.5817154754062335,2.3736515740900415
0.5518430215562387,1.0371316684038003,0.33689378433277734
1.1765615579559447,4.819716743429613,1.8107124721433636
0.723665528981252,5.733603565629827,0.9050569426048535
1.7622884977803808,1.2147925496374015,3.138524899020401
0.2620582491552926,2.5765833044718045,0.13542093801705282
2.8295462414393007,1.6416943679137237,8.030447390249044
2.7670667213475078,1.5556558953953994,7.667551610113874
2.4223554258530835,0.37424708785049443,5.694400145421739
1.695545976090026,7.583409869884958,3.86759175990853
1.7664578092492333,4.035742956227942,3.5599361072143725
1.65892947649193,6.806510078885639,3.601535231384297
0.6947373123380112,7.1454517704260985,0.981286476348831
0.5416989577887145,3.134995446692245,0.43501476533779726
0.7763485334592793,2.1953485348427346,0.7165332694035219
1.6669577689842063,7.007081055661475,3.66393490089137
1.2646058888524225,1.3535069706872171,1.6636064885894108
1.8544097743131138,6.798500890019436,4.355636249961858
0.19193507990042621,6.658400649988863,0.26580464001090426
1.0186331262870054,2.8935562408674587,1.2347545396928825
1.283248222236736,5.286805622595519,2.1577578275895526
0.8038847045944587,6.385670212277607,1.118445788718102
1.576075933586042,3.527031472272581,2.8238820085751586
0.2705446059346821,0.2311461573236775,0.0749017620147289
1.3109955426319364,4.22622863688493,2.1053508544824413
2.6064535777028266,2.430153348494221,6.997080822180083
2.1407489089927774,5.519758295215293,5.349257576220433
2.2144943449462064,2.7900436147192558,5.175476393476696
1.891217143954969,4.309319219497821,4.078671845425644
2.702956040605964,1.9733153359614741,7.410397269842102
2.0774206476217656,6.426596889491432,5.239293679188029
2.5265647831543467,1.0804738401996756,6.324367367566394
2.513893949135749,0.4289319018829971,6.140388425020678
0.6913637657279543,6.985160609285209,0.9599841433092509
0.5478829580661443,4.23939902520343,0.5120360379673465
1.584047212284264,2.6773656520876736,2.736214896993129
1.2130869297249056,7.0827938912139,2.189783039869026
1.2314833819468876,4.277654406025547,1.893056047828709
2.8934746088963017,0.415465370916019,8.120834706349633
1.50890624175364,5.866677459708611,2.931988937617051
2.9533122422645737,1.8757846031814154,8.78966953154602
1.6493811439253065,2.8532618725394467,2.9755481779057678
2.1166777754451656,7.383893521979851,5.6099662083826285
1.1330221050127811,3.61647131514884,1.568758771156878
2.2215240946471893,3.884717997672312,5.406219789791044
1.286622016715786,7.176998040877078,2.416769823724553
2.7488231006003523,3.4371207813616236,7.982463013301816
0.13015053724867862,7.249464904875253,0.24807048925972794
1.2688865188407707,3.1270512352367,1.8621159818387791
1.9327225124685434,7.831049717606169,4.875003390968361
1.8535323336130811,2.9932948916080973,3.7250096813217337
0.31257495643042277,5.170324044595657,0.293911046673457
0.890483388662594,1.577548937451863,0.8700669425999422
1.069508078908654,4.443486602547468,1.5027317270501923
2.0392477941552194,7.660647163897559,5.31159285863286
1.6838569981145575,2.8522922030763134,3.092762167351462
1.2324744382841708,3.363135970681732,1.7923455971258708
2.403136191240338,2.335585751767426,5.963082792731851
1.7260664320217574,5.880868705344177,3.700374605096145
2.020159701299516,2.2390236848743053,4.257625955758038
1.2191818530013296,0.06047188031684225,1.4310880944794375
0.9188574243706911,0.07849995786732844,0.8150820002928635
2.090090307683527,6.65567350243866,5.341262455602771
2.0022523815827515,5.455286654471195,4.729315085816729
0.7655007278638812,4.833011342667593,0.9026554359960011
0.20430298740192102,4.390433093678744,0.16495848931518828
0.8907705516664184,7.677368359130868,1.4396894437077217
2.3083023988020663,6.855246694300478,6.420692009014688
2.857766312612202,6.087386308047563,9.25605804876638
1.7909348436078274,0.5345941510090437,3.1467593687088287
0.5956056672690501,3.3870413766769465,0.5220439655633514
0.38027131376973694,1.6176731352896097,0.19139216861998629
0.8531700956759496,2.545579933801923,0.8756230004955257
0.14256573268937334,5.185848837392999,0.15669788622620495
0.7742512176666081,5.63269268062007,0.9895146859837451
2.023125468734275,0.07907139395387475,3.937585975601538
1.9248111722314845,5.6300414992778425,4.437096350807394
2.57706053950888,2.0718622570040477,6.772186632372608
1.5108843325576164,7.800903813800498,3.232428657308731
2.7610437463516475,0.8303165627055273,7.48211383587138
0.2329109975514677,0.05626736824167722,0.05299233423706569
0.16744746392276094,7.804381198676229,0.3110137274907833
1.2365939539184279,5.604120400118991,2.066299405980521
0.15642613533015196,6.223680026718743,0.21447189615099627
3.006387853490068,3.994189594135384,9.62131276013563
0.9780298154585322,7.1746050273136515,1.5857789712611023
1.1189395668202986,4.453780318744941,1.623519721256072
1.6176864890431748,6.368878664409909,3.3823805170048966
1.1285539813220753,3.3652904807200636,1.5319125906653122
1.9360370031775709,1.6281841722305037,3.8317752263995297
0.22256609230698107,6.585894079305922,0.2885963943830408
1.692165655288774,7.797213402444053,3.8912144221548366
2.4368532217540704,3.968459179504996,6.450572293361386
2.8359013395266985,1.6237866213742533,8.061971937537534
2.145345555376975,5.010187001115038,5.272808784986304
2.969581862617494,0.908915939600651,8.663053487463579
1.091901103002753,3.386864909689727,1.447075029692309
1.89117277577109,1.7557165394201633,3.6805968746975943
2.152486292453278,0.45333358837016124,4.515398620983952
1.9621701197606911,1.536076141203801,3.918576411044633
0.4979074699425294,1.2863283650957245,0.289321337590989
1.6971756726704454,1.4243555308335942,2.944211426825309
2.840239831879161,3.439186305368213,8.499969858889575
1.574140624309212,6.0288666032158496,3.1771056572733722
0.06265452058551008,1.3838545673453924,0.016001853919806006
2.6379361726259343,7.4069841615682055,8.307690644617646
0.9741111445362389,0.8764607546559882,0.9743803058171268
0.5447688129045709,5.468616630713903,0.5934328032533813
0.04665104649745957,7.883354000173192,0.2220586424743243
1.2980734581041082,0.9169281503134687,1.7050304558435296
1.9785865205543158,1.6015293508766542,3.9924722245202617
0.6191184958255084,0.45513428694774394,0.3887131483505497
0.6246043125859237,2.6723062286734534,0.5172954084370122
2.102706556165614,6.147928140647392,5.298819430299008
2.8729264384731157,7.799441914154336,9.806078908445981
0.10519732203758232,6.05926104183562,0.1709925071843235
0.4771629918961849,4.82254053324877,0.45738211890113173
1.3861149656936724,6.874914883428111,2.680016556394435
1.9990248745595138,1.9310453739053033,4.124142712091736
0.6080145403171677,4.9631870930803865,0.649755139962257
2.447731004664217,2.005198029558467,6.115073239081821
1.260334402580671,3.427269663257137,1.8729539211434179
3.091145192708502,2.952344511208013,9.880005939726749
0.7253055300799615,3.7192711684983406,0.7429804103992008
3.126173725433903,3.5436251894510127,10.250631950883829
2.833331426900794,0.4725869873214581,7.7996963605165375
1.2587969343122012,6.447463295028947,2.236948952741064
1.8614321213852916,3.186993456417479,3.7847058728617755
3.0154005896184213,3.8402668596065244,9.637505472400777
2.9947612831788417,1.7661681064404409,9.007622261525293
3.0882628758634403,6.3965419019659455,10.779218189985835
1.5219120533454493,1.5188370387140875,2.3962496979678645
2.5045420110381293,5.50479996089053,7.1272532360174505
2.591401213407254,6.10975362017037,7.732556296962902
2.6073825939796436,7.314352569604405,8.112072593596366
1.2608801041948594,1.0927693478777751,1.6284243126822802
1.7415500769038954,5.744860596633146,3.7363967379449856
3.060654844228652,6.910762424291604,10.745913193364688
0.2502539411021691,2.158203190866753,0.11367307188416419
2.9134731299670262,1.4547517051927636,8.463036040002988
2.7454344943845332,3.4617135817955482,7.9692075396551685
0.3227872777125489,0.6359868573715133,0.11606355816636732
2.576497821776122,6.264732535308481,7.687579852231974
2.1921691010451214,2.6071677470662076,5.044496120140573
0.6457051281856281,5.353085408373034,0.7393710695105884
2.454491299300176,3.502094381640889,6.443244327509249
3.1164968188955684,5.571396715162171,10.731695156602031
2.860272383782397,3.4206906126480394,8.611091399179106
0.022760234981701346,1.1682214808573042,0.006668033295642207
1.8482595783872973,7.329021363288409,4.425844783968719
2.309792778916239,2.0518152288476283,5.473690328246517
2.537492303760138,7.869856659277804,7.859868887910216
1.7444994529771822,1.8791540356242944,3.1674465705891923
2.8293288464008466,4.483542550951128,8.6864950956115
1.0608873117368716,7.015233091085379,1.771593246303724
1.7895360062196708,2.485492326752249,3.413048686745548
0.17088458831766587,6.119562280199651,0.22024095760891768
0.0863861210410347,2.0201839723441717,0.032492041045580095
2.339795157830924,4.623186829249024,6.106323953078293
0.2957076218558887,6.894108647555298,0.3793647691420432
1.7738271161841739,5.793437097901422,3.8666430095456015
1.8865882090491448,2.1844284498242956,3.7272265556017636
1.4356450815726367,7.148788043495617,2.879154214367122
2.397074556237386,6.879454562270866,6.8763197574852635
2.712185880392699,7.877464489412332,8.857580775769183
2.8182850291675905,7.317399509894064,9.341195513275323
3.0738751330626943,4.5671716129750894,10.188601288108073
0.1648391259293474,0.8942871758699518,0.039225998082464755
2.4287162534724716,5.114419095506449,6.650108282608462
0.489912945317334,2.5190314808799936,0.3393281586825975
2.2100443501141926,7.2881839467607925,6.032090722496301
1.6247846320917845,3.5682311909995876,2.991626192060845
0.08162476216780791,4.556475802170134,0.09791219262930466
0.9917935193245556,6.999810221523753,1.5986736354986413
1.2852945900831276,4.68338011342679,2.088702274223304
0.005619122461074747,1.671867041310871,0.00940621893399152
2.414493572534591,3.526772366194174,6.2502766632925475
2.1335596305533078,6.957913137266162,5.60121372088322
3.0999329984488813,0.8384807218808801,9.41804306211605
0.3619364535572075,2.2538645231039656,0.20052844863414404
1.4233508493592513,3.213267080816512,2.3065629896591444
1.2675883415039708,4.103617029590804,1.9702731933648283
1.5085460487000442,0.043626912846698396,2.1876013688945006
2.3275019801221326,5.139755460520619,6.1519749717464
2.13661128609921,7.711153812105963,5.771274072509315
0.7069622383636259,5.702468408249715,0.8724991209659907
0.18095142852379292,4.175267558386014,0.14035191690844984
2.5248510205485633,7.681919202267218,7.744341464520948
2.15697486031014,4.340341275720571,5.199738406807486
2.8992202471966095,6.973932534644437,9.742610869304707
1.6364164998705342,2.3199226157533133,2.8602235424854197
1.2137749506280906,3.80717424493968,1.7928492363264665
2.017480351487823,2.8120025153573103,4.339529161778593
0.8385980803383385,1.3866042568490542,0.7647308731461898
2.052785307756723,7.599025563896611,5.3604419004488255
0.8974883273081092,5.016080745173548,1.1768921015950704
0.8105689138233201,7.828801746030144,1.280413157337051
0.7433443584947207,2.45469503202139,0.6808895581999632
2.5349463219749677,7.555459138048852,7.768995032884697
3.072491481288762,0.1791050665149978,9.100705801060082
0.7863348147449278,4.1856679464148705,0.8859344143196607
2.3882838914802482,1.2951919506427307,5.700321454743244
2.3696600763323032,2.0463574819067656,5.750323909693996
1.1221161762242386,0.425935734914634,1.2429290106099964
0.6513991808275812,7.575178918080432,0.9428540029926009
2.629504254467235,1.0082512441145264,6.827733386142933
2.587869608531306,0.31464172954197167,6.483013592213117
1.581974412317204,0.10974261346959135,2.413108886096836
0.690659693477101,2.394395788919142,0.5951324246316647
0.2542765701445383,2.296396257901552,0.12070820455989985
2.9591925633678327,0.005761968705237486,8.403320762553156
2.2530649980517397,6.672096927531334,6.10956669520773
0.6202206787716159,4.123741437292615,0.6070891424828022
1.5283348656421525,0.7093791089848311,2.3205494172325154
0.19567147322476597,7.302891093259038,0.3061199675028402
1.5007968764033992,5.9258065851783,2.913728575167223
1.1080794145677553,6.425294037935366,1.8217425017275068
0.8802709355568862,6.857892824830083,1.3267220835341513
0.4194528898996288,3.915074387504549,0.3353647069815013
2.2671926866593046,5.607335257099637,5.956280633780321
1.2017580738380624,6.275475651394407,2.0539237138581536
0.4203229647882735,4.858935527081204,0.3908049080355837
2.035855739068182,1.864944169041772,4.261310097271369
2.2798058785962705,1.6867588249377707,5.272706563570036
1.9158075081435169,3.851630121801213,4.101023066532622
1.0431291159268645,1.648022724289449,1.1766468159690302
0.7104173691185816,0.4937972493121494,0.5102562991563969
2.5567601899644368,1.1267320670775227,6.48294729410201
2.3092500282593003,5.187850495770432,6.0731680562805765
1.880337669679964,2.6881151684604623,3.7798735832465864
2.1015811230082226,1.4276116451819911,4.459986251672964
0.5672012562264312,4.515624381590872,0.557498302086027
2.0063930783201798,6.004269525978738,4.847147991449696
0.321556295142776,2.6591609442045465,0.18309701394399963
1.6790219437222138,7.377128743725913,3.7703304272684104
2.126047419128138,5.390798947607038,5.258241828425651
2.860622068363258,0.7263485896949593,8.004405293089015
1.664077873120875,5.718032090587157,3.446904366615901
2.657550118545938,3.0945618830980397,7.407841056321812
2.3544983525612513,1.941172187664173,5.66011059876577
2.415852939312617,5.825814544486795,6.738615752737304
0.10961716497193937,7.355109457162383,0.23820719623002087
2.354101298099839,5.602341755640124,6.379406905759682
0.0136849555539665,0.8002433096843626,0.0029649202923725535
1.5396762178737544,2.4311371567286137,2.5632994964477427
0.9880751150450312,1.9422551574026476,1.0871540419235577
1.4420787104812656,6.017116643848643,2.7357117934994193
1.7336358896664033,6.659842807453185,3.8569033183748624
2.6659000047679493,1.3858862741530755,7.092145489432032
1.3954789890988855,4.239568001442704,2.3522259575083657
2.828028315848688,6.252730575810473,9.120838882816928
1.5924114312172295,4.848428533293766,3.064508581582289
0.6351053600418668,7.682315864778331,0.9238220503424365
2.1604407551721514,3.5391666311905476,5.06969860278384
2.8049549264645273,1.381309145945857,7.837517499942018
1.2061257555385165,2.5348326916144526,1.6367529406566546
0.14253941616505597,7.320849818394844,0.26178736079036263
2.740576163639817,1.323105790412069,7.474985660534103
1.5455874161360308,0.13801336936409303,2.3068479022685735
1.2382118764914638,7.298040941903021,2.2906750005734615
1.0870149965352225,6.966175528010445,1.832700215464647
0.09012250380832443,7.443470646101603,0.22873356045505097
2.4346530802912247,7.1426874894418395,7.132196233792152
1.7710080596427016,1.3991792550896651,3.193990137597343
1.8314545063358703,0.5317570333577235,3.288729667975284
2.492704696364427,7.86554448365451,7.61341652639795
1.361742477963736,5.322657877232131,2.391670816824746
2.8276966446579404,4.204815611056321,8.609717438079668
1.726362473320543,3.309111985105929,3.306444576676615
0.3300852313954269,7.9731163142015244,0.4928605507983377
2.748315832841896,5.857043014198648,8.553878878191503
0.7684981115617995,3.870307291981156,0.828472961059369
1.4803242623053583,3.3118992773015306,2.4910759208829085
3.116167440859342,7.757930527236585,11.35815643354123
3.056943774423856,3.7153043341835694,9.861657979035579
0.5914346215491789,2.4818317289335967,0.46097512892509945
1.97134067040803,6.716977802971161,4.829239710457954
2.4255504990748737,0.9526074048529329,5.8133198109498165
0.9490540715702452,4.3429365468061,1.2210931661609061
2.1136175476293593,7.129154319498966,5.543714266945712
0.28503303457495055,5.71148115401729,0.29730130382980235
0.14446748437636625,7.9387395784388355,0.29913714340398856
0.8444606808930839,0.642033409290562,0.7245527242609714
3.0538954147431014,6.469324485155072,10.577664021468426
2.654960335963182,1.4233656235143437,7.042676967395068
1.1083473352351438,6.190442089411235,1.7943698031076918
2.580174681939881,4.087505212582004,7.212466393377213
0.9661445067132979,1.233072580567149,0.9863385906822643
0.35678883433050135,6.926131033946488,0.4502918356349704
2.2002193923231084,2.0189027187940747,4.9777376984710315
1.9076821948684246,4.983051562507774,4.2563558864279285
0.685491344518673,1.3553450092768289,0.5237143591098142
1.028685411821837,4.441081590333911,1.4071922964744055
1.4967856312942949,3.090354182760292,2.51360497700892
1.7960721435139768,7.285044076104411,4.2071888669858835
0.09422290114668479,5.734763972411798,0.14995765036910924
1.0869492360467077,1.2875604406713457,1.239742368628958
0.40902915491393727,2.0826150696507195,0.23565699826711134
1.4684455505539924,7.020365978385692,2.968185219820749
0.5371964405884367,6.818934352647933,0.6867224627308727
1.4971933426018895,1.1145394680478091,2.274802207851263
0.2664586408067087,1.5493723983401022,0.10546684292199533
1.6535629783312429,5.3709784543193235,3.3555592818192053
0.3598676580947748,5.13478520038082,0.3400562213535247
1.2821943259006021,0.6518605807771864,1.6387704723583953
0.17146306894626043,4.374659186371368,0.1420550271642102
0.7573911917548815,5.304411932690161,0.9286929694444467
1.7283406907244205,2.4155811867730392,3.1857270951021746
2.6452972994267943,7.599932667758142,8.398287293279024
2.382136431990603,7.966460299144887,7.048138985075084
2.3384951362303386,7.132456240416604,6.633461220355626
2.5764876850278284,4.167205285573222,7.210416565204145
0.6465453077689798,2.82212491065805,0.5578687101255966
0.9650401441374515,3.245934232536225,1.1529087468265449
1.8666556758388908,6.679036119738486,4.3842060513047025
1.851659581228758,7.476064466863381,4.466598606258382
0.020149263718516087,4.917230184902832,0.08278518282351126
2.1531329676403606,4.452071604528265,5.203239719701775
1.5884344182616197,6.0106881628513325,3.223934410455323
1.3653379537712411,2.9584087404992063,2.1077953161022958
0.3532042060708769,0.9467358388648384,0.1466650690987229
1.4423420400722717,1.9170704744513136,2.2071104681611287
1.036032283809466,2.834702307916147,1.2672263731204516
2.4330512905925374,4.161738034121716,6.471427836469326
2.2018995591484325,2.3520105053293285,5.042722226923504
2.8398255628766687,7.573834234512579,9.540871898759134
2.6410483655169186,3.7023791712017067,7.452369598093629
1.331093397934969,6.181288342327433,2.414187253695835
0.4343805697588052,7.359021570557961,0.5809465298466229
0.8823506625727346,4.694115220482069,1.1152521393886432
1.201604619085431,7.954153463874031,2.2738824330535414
1.2433450360783111,4.531903716273057,1.9547479460043131
2.8288079815114213,2.2616297850219134,8.164128055328067
0.4440486319640573,6.581606155418259,0.5355303921088231
1.1911348458991244,7.725367793036478,2.2129285847496143
1.39608480728056,0.828690834264159,1.9554193007561538
0.03602827666072884,6.147196881322679,0.13484106819149685
0.9803716625296344,4.873539553180006,1.3417846282196344
1.5458980559186162,6.52589731167614,3.155308114892414
0.9910701857513854,1.9787274488666098,1.096323519623173
0.6989101223341846,3.4236056725410515,0.6782784665254286
1.3457857954764838,2.1232846383356367,1.958171291280117
0.4406630389437597,6.6284111801207155,0.5344608523451276
1.3513988187183954,0.003368975088746673,1.7520701401202625
1.9139112534100178,7.226088575545919,4.679955616272071
1.4073678532222458,5.0822277948647185,2.498155845811643
1.2513835729883795,6.488668911167233,2.221030633701338
1.1333956289686793,7.10505880978321,1.9723568529216886
2.038737885342527,1.5385386572603883,4.2213181235193655
1.2842641039412714,3.0401707172296373,1.893510199256386
1.0247267626457042,4.859710938623786,1.4413000355856658
2.3234315739505544,6.867931420825405,6.499092238889587
1.2569749717103567,3.8632057165463216,1.9135768228213577
1.4080040099103779,2.3019522130901207,2.152757767168957
2.837273883396101,2.804611609662188,8.335445021670708
1.9649372423780505,3.409383833720409,4.224686374818813
0.22214819331812133,2.3934141789226855,0.10365960256178781
2.740939083204117,1.2508556123793184,7.4617950302775915
0.7045655667814908,4.11108976983998,0.7384853039207782
1.4307356625884262,7.707639067332283,2.9468451902835073
0.3846788135992105,0.9182628170692979,0.17014123887606478
1.5819726443411979,2.3156701406749365,2.6824585820988602
1.9427617870515204,1.1031104857365719,3.7792552468677028
0.8403567653002783,1.1200792352196407,0.7494418809361053
0.39233412967941417,1.3474139433668064,0.1915733435065826
1.786785575417749,1.9247896281199743,3.3228755615683503
1.9608253068351438,3.111781851144899,4.15989200696748
2.695186148556164,2.689844876915523,7.522326909877731
1.7755246635167579,7.762992809812177,4.210157696405153
0.23683642583519282,4.184974897799874,0.18006312846480382
0.07518754567578971,6.617283870185395,0.17767704401823511
2.1314141030396905,5.827895324385966,5.366526128236225
1.4250745644276521,7.57534200154972,2.9082353576939464
2.322022382658419,6.074368507181315,6.320631343439239
0.9858827276704717,2.3680456189694166,1.1188028127325775
2.4852932236015617,6.123419307147326,7.1653426253177
3.006922167968276,5.073496281404009,9.902951078854283
1.8523858672681686,4.584284304410245,3.9716102960875137
2.3844836929096758,1.2574731597447073,5.675754913635076
1.0252611592424363,1.867299578833709,1.1577431634623174
1.0618949729378135,4.759512468435086,1.5180673392324444
0.5147312578110597,6.200646813978915,0.6048725911355384
0.5732771445618757,4.543393938575015,0.568067178523558
1.5247963302128063,6.494122515979815,3.0783879711051068
2.2577766480374564,7.587854157185231,6.330039680177074
0.23749440238088498,4.8115737407608705,0.20887566184785689
1.462478653951453,5.054996605728855,2.666400075616687
0.01784878264159674,4.993086310749374,0.08431892322349328
0.8408992633058299,5.860654123906233,1.141985687397857
0.6525229275110509,1.1312665615598707,0.4658449727827925
1.3687905001250809,0.846856422586094,1.88329137386375
3.0814055254093304,7.72735510376455,11.118415279263326
0.24289109931399544,7.301333678131217,0.3508571893689269
2.6243049583985303,6.976197884123339,8.12376306469641
2.567234573171224,6.390472536133657,7.666688877487382
1.4822197247372202,7.838532147167987,3.1398109857698833
1.0843683855948356,6.740856565263508,1.798551475493368
1.0689361081783841,4.128084209138321,1.468549346703008
3.13238982632975,3.9090426649315972,10.38562020093469
2.6638554248680504,0.5318689947232018,6.910207821985325
2.004903352388079,6.746867675572136,4.980164757778629
0.875176963981915,4.195189254026299,1.0553024556770176
1.2041065630495218,4.8077836272115375,1.8818274846087115
2.9600282286578645,1.4032293997738385,8.719919669701627
1.5113647653771178,0.8651843465834332,2.2880145745065463
2.475059629116956,3.1651556836452563,6.477626018589047
1.6223543447110356,1.0824340167914714,2.6554225995683947
2.4149603963640547,6.520947012947693,6.888014025566688
2.794068159343724,1.6551581443013612,7.836823135097623
1.2807448046922074,4.818060859687058,2.0924329029560966
1.8601199973381937,1.1053467868155176,3.471520256241317
0.584174684538819,2.5396262544957056,0.45483159517308097
1.0665940094382913,0.661912975528077,1.1436794333519946
1.4037037671678272,1.2579820016800145,2.0227617031216694
2.1822072480286288,2.8958953112815653,5.051387670645156
1.0745851934468782,2.915270202923608,1.3609005109405934
1.6358629895954828,7.352548182044418,3.606005615731859
1.5188905288538777,3.1815356787237503,2.594300623848643
0.5740133824927223,2.04394069955457,0.4140018374787695
0.9517642708767399,6.362497435587704,1.4333407604991595
2.3233329116261436,3.1491257737669285,5.7388473638021145
1.2473900435132776,5.518369081171599,2.085690398422046
1.395664564422682,2.377614205054523,2.1262656004539617
0.055756614220512105,0.6988780445633056,0.007323244467625517
1.3206330843447822,5.824043415107161,2.3353916942329564
0.23679607951763723,3.991718037543226,0.17180266870905864
1.5393950932112346,5.325349068424406,2.954894329497179
0.3650792157625321,7.310033094048265,0.48734210399895556
1.5835078008344194,2.7576492562613115,2.745035080771551
2.3837547474504284,6.605645002863108,6.746589140637983
1.3500274908095478,3.591358392037093,2.139414888254758
1.6722706776589866,5.563133583853902,3.452320945359901
1.7187046389372358,0.9536492881976262,2.9549039716701975
0.4624917957106849,0.23707312094153643,0.21328335574328103
0.07334887099757177,0.13478696628508047,0.005932928426111646
1.8245550782152442,6.278262940814148,4.145291261050959
1.8673809593198156,5.918979478571682,4.254202669578656
0.250646200777337,0.3634145311127055,0.06726652441623372
0.619206520140785,1.9648805343711526,0.4678843846381771
0.6195974890575358,3.621043980166074,0.5714946631840202
0.6098059797586646,6.639887459616027,0.7870577325177349
1.263288460888104,2.529181952827793,1.782036976655328
0.73703320160659,6.2647503827902735,0.9775111722905275
0.5801442589875324,0.36239527232375224,0.3384639497122271
0.05978393835633934,6.517440847281308,0.16378948667366972
2.080719935366759,0.7417247561383737,4.2661663406441095
0.041075645001724136,6.729142236049358,0.1625038241263583
2.1227908547815644,1.336023066525037,4.533252843247744
2.3342166223202194,5.642628465292595,6.289500407215707
1.4460431482113694,4.782559839479631,2.5776653480823923
2.2595365140342585,2.980601147716384,5.4125382858345965
2.9169676073126993,6.200451546464262,9.64467041643031
1.7525971971059904,1.270896157346625,3.1125531018934267
1.52847259665252,0.5900672022958444,2.307271906542124
2.495153677352418,4.046651920559608,6.761495745295542
1.477768248252147,5.524262749813333,2.7807797038490576
1.1300540919327147,1.8129806096812198,1.3834898308845136
1.4804291713057127,7.990082661545612,3.1574162527390612
1.216153798821355,4.717524259718605,1.903365561444433
0.7745210194183293,7.897969461133073,1.2124330464628188
1.4122059148895794,6.897797114066293,2.766357452427428
0.17900494188898847,2.0721104771161345,0.07095271005120042
2.981252574160192,3.85879060679631,9.434147578686822
2.1339763167541057,3.4389464597087853,4.936220721765409
1.9697461657537543,6.234095069014197,4.732809032577554
1.2770137817152147,7.403682783836496,2.419394831909854
0.24116327465582352,4.77401374292348,0.21006246912012816
3.049428640508534,6.443455304710278,10.54174742020509
1.7270784975068805,1.5999770915161502,3.06912840965432
3.135550476275268,4.471435056236228,10.555225525969188
1.6862999520988564,5.670947665022815,3.520101771770332
1.8898841824272359,4.779615721321414,4.151082355961798
2.5852689470983954,3.249483633430839,7.058643560629972
1.4925668168787443,6.97693895464635,3.042371543722857
0.09044729323979103,0.22655206531708583,0.009490368671867939
1.5359387948372185,7.556375386625568,3.280922421805431
0.7557695677278052,4.860653185046252,0.887396562002804
0.5205724342335354,3.0193441180741356,0.4021183693923329
2.3786359701179105,4.815930207275162,6.3362240817099185
3.0203517283717334,0.135417443508282,8.784240188515579
1.626054289969353,7.258831167431144,3.5547983089214408
2.1675006629181683,0.3135416545961158,4.555830703663057
1.9046422851502127,4.812216033041635,4.215374100895714
1.037562505764116,4.399280037746847,1.4233504258190197
3.131844684138043,0.33159696593821764,9.492033865049923
0.5593845112392312,6.288128836114243,0.6778708133927808
0.7428791896188017,1.957666690680603,0.6465829354191267
0.025793866035692996,1.8638112688441186,0.014926454377149751
1.1883172266015534,6.502256732692017,2.04553212606513
1.2287078928493607,0.9052643011272083,1.5312026149410563
2.2783385130468523,4.717454624191068,5.830389930351952
0.5806071557617577,4.47588913531452,0.5738592753116135
0.4351808738782688,4.904685437447916,0.41105645834192944
3.0901686522250835,3.567900817652596,10.030642173621247
0.01271997445683289,2.285360319865111,0.018508560648625112
3.0995264367768804,5.940112403585205,10.72426583092094
1.6546916542297037,7.642999864513256,3.7238151746092543
1.6667482991053841,4.418337340237262,3.258685366678871
0.6929180835643791,4.511508480776761,0.7502383457264219
1.8164383739525716,6.237117202441298,4.106234022365928
2.3626671432733644,0.8424949758463764,5.500716695283367
0.6001365365567551,5.378200272640981,0.6691822745636514
2.536192846136909,3.0107495302409433,6.755074028736518
0.00015375020419979273,0.43312666598895433,0.0005884613144019932
1.882623645553623,3.7395797033358615,3.9529429869410215
2.030115115131928,3.3554074616126908,4.481469184942021
0.8228269857315013,0.8693779080618658,0.7035648969739399
0.2893266113168699,6.62026399734661,0.35534757421604657
2.6740787371124357,3.701567093304541,7.630800086079317
1.9522105374771601,1.1100417029857157,3.8163381776189707
1.2325091061136983,3.18729999963882,1.7731588737393569
2.2174360995327347,0.05064418444958818,4.724478108633634
1.745887335746895,4.029569707689074,3.4836872351362627
1.8579513231815048,5.925973374703374,4.21765955116554
1.8077548823144134,1.1125324205646834,3.2840894327610135
0.12039008576547365,4.046263712290952,0.10011187813917104
2.066793816508866,0.10786688716446058,4.113473119492515
0.262892888625819,3.6741752040350137,0.17823619843243554
1.6791485123465368,4.40523340600106,3.3004962605783104
2.258115134293495,4.7709168352241464,5.745455773763429
0.8865726196747682,5.65088972880612,1.2160694545888373
2.3030364217519708,5.267263237213968,6.059344785971134
1.994648179645622,0.969641034745722,3.9592202758973283
0.40602395253377394,3.4535756846571237,0.2967760873480051
2.1669292263965416,7.5374451947338175,5.878321036671056
2.7062498893627565,3.2133272375238198,7.697378500582555
2.315381460142117,5.994512960204243,6.270925411191321
2.768255843104448,5.689565309010089,8.627715973389115
3.1305861423221253,0.9983975686013888,9.642418488648092
2.29901178673301,1.2826338413128857,5.28838975323725
2.5952992077301933,0.5778835645411986,6.570360973334741
2.6829078531824058,1.4552518145623567,7.195632430174682
1.419906172203653,4.085545946446102,2.4058642748729318
2.227748626239706,3.855503794706218,5.429144049491048
1.5863318136292415,5.373011663710226,3.1207800010833795
2.0614861921340975,1.0716141622472293,4.2398230138768485
1.936945930653315,0.13332491673918412,3.6173901250937672
1.1674949392163998,2.973191016577478,1.5862817985024737
1.394771581438098,2.7775643146366793,2.170532333205089
1.97422454395212,2.966756986570391,4.1900101472847515
0.8393025391973383,6.511585784277555,1.203351740428493
1.9865153076397217,5.57196814281581,4.6836591994667165
0.22311143922978763,7.200719725411873,0.325393030416487
0.22353813187908658,4.918419049992399,0.2028049113978377
0.34866654682193265,7.789560738608487,0.5020506862453746
0.4523630947424977,4.424164255792252,0.40210009369922245
0.6228449109463895,3.715280519431081,0.5826174642365829
3.026813264520686,1.4150301478111649,9.115309317496376
1.485989846622526,6.518395187490722,2.95166335533566
2.294778241410762,5.940123064347829,6.158509888020898
0.11622164531244196,0.37263719588001454,0.016524376213845032
1.2959471627402925,2.974206359619574,1.917571929525482
0.08973206238377571,5.053568567072756,0.12001135938344719
1.0537431673315016,0.9623939056564987,1.1413748133884187
3.034890091223483,6.731169393140927,10.528989484469628
2.168543948604235,3.488818021833402,5.096416707966751
2.1640875414960496,5.004805598359214,5.356419215519154
1.5235119661422198,0.3950065847167892,2.27042001207196
1.2268954320381769,0.1805080229177074,1.4599745832826252
1.9372746213912797,0.3382567612905225,3.647665116076092
1.7393403007493342,5.602958006118826,3.7052172196367033
1.0558845416829936,0.3866109704481273,1.0994148749436832
0.6774373185820435,6.536000647819358,0.8937271382971843
0.1767349148509132,7.361466582447459,0.29276312697174284
2.630348864156275,3.9921358660606527,7.458999741292899
2.0442699712284442,5.890783760664959,4.990336621081118
2.8008263391605004,6.147385639287475,8.932745825839085
0.6369567627410158,1.0865441397819362,0.4429453333378068
2.8743743206997503,7.98045765029378,9.86530335940829
1.0501948478325098,7.838859092409287,1.8452076618445565
2.5564832231270445,2.3925101561611477,6.732110008863419
0.8414481660603462,7.154160935710916,1.2742956732054487
1.8175125613044774,6.361219822250545,4.131668902494509
1.6098213901817204,1.8464973682609136,2.711618617549674
2.7179552545491297,5.812281232161188,8.368761938523294
0.6788485198497325,6.918963470836975,0.931087254378864
0.30586793695248227,7.190517844944763,0.40985308582355234
2.9380952072853,3.37133877092786,9.05517737278508
1.0012548296104742,2.3620593654068216,1.1502164931743284
1.8419247734694748,3.3917691764657647,3.7424145688432318
0.14954121490468658,1.4740349676670945,0.04417186565626199
1.5607653307834575,7.018039248906288,3.2829972169757005
1.864644500378052,2.918157871234241,3.7555215239639725
1.5635700117156965,6.62516657304605,3.2316685499642315
1.054382573259602,4.358121071662703,1.458195464631866
1.9337091142778513,3.624165723968737,4.134973786126887
0.43887089365531756,6.855586339105494,0.5488382431168821
2.127818680110639,7.029066813688892,5.589065707961377
1.281222059577696,5.65328519880825,2.198473287102529
0.7076909404552533,3.1878483008103355,0.6753712688079976
0.36325548664684465,7.551349504398848,0.5026074494991757
2.9962241829509897,1.5426097184065943,8.964003133385283
1.5958360048964269,4.77401220921143,3.0653562268906094
0.22774314863977752,3.4709668940271365,0.14447377009519838
0.03626858014458922,4.513288285619998,0.0764854896291185
1.0259664078022077,4.004598741113214,1.3570619724361477
0.8034019507232326,2.0077047888657784,0.7484570275777084
1.6338649742180058,6.97881952786635,3.537794091589763
3.089927007886337,7.873509061487824,11.218068192351536
1.9825683102551872,0.49718418163829536,3.842302523300056
1.960868766276067,1.5352767087565269,3.913413604897186
1.6552326832086304,7.6520046235341646,3.72734040525046
0.5350630012790744,1.2276623508326532,0.3268645234185473
1.893299943138585,3.06268601789614,3.8873720895729442
1.643571279291711,3.2143840031897986,3.005794547991957
2.2731722349334196,6.695830184738372,6.212706592419988
2.836901716084867,2.126635216680085,8.179360587717788
2.978685249890596,5.487562230010362,9.836700832847832
0.14201682901489224,5.357584472166151,0.16374109566221623
0.7596537706211974,4.485067379546234,0.8628284941684681
3.0841947333895687,0.9353632907432194,9.345947995700847
1.224984602588707,6.39987860011438,2.134484282339647
0.9398935444380843,6.761192134957,1.4497466558878638
2.176712023387023,2.7163223147853355,4.995817436582147
1.6706748543713135,1.8074681272584838,2.906071937166573
1.0590879711863097,4.038635594670755,1.436370831008345
2.549626908345153,0.6490647247085146,6.356442853416292
2.5503444836912554,0.24028342567937777,6.283347758075688
1.8546827819717273,0.40097497639270063,3.3538075176074122
2.0178212473930195,4.004518403719118,4.540459675711032
0.12451111629796745,2.051119965515908,0.04645251968391207
1.7430634495594846,1.566563013850291,3.119639698422839
1.2569809901734565,3.1536735000917027,1.8335190495616374
0.9342224717618549,7.3718262761011655,1.5049345104248912
0.2041336157613027,3.772765248478816,0.14002159557298305
0.4986329785228763,2.118368490818603,0.32893937066261947
3.115890255978883,5.965973321473273,10.837680697002547
1.0953520111835608,1.0267698973974886,1.2355510534468317
2.5470793141441557,7.923059454912574,7.9260735555175925
2.9003493948844916,4.3008657594015824,9.05890647094901
2.47418665399068,6.164501822742559,7.116214688806405
0.46575070634727733,7.666906846330722,0.6495251896447325
0.2800096109287304,0.642844650177401,0.08952595654540671
1.7415314322183721,4.253700814323958,3.5018871099421394
2.507978925605493,3.5483174504786943,6.7224923997930315
1.0862360580070016,4.20849699044698,1.5178944156367447
2.9800634293867017,2.451237396583881,9.08271165454091
2.141165760738947,4.937710258746151,5.24030120111025
2.065947597720195,6.46666615258366,5.195747776167862
1.8235429541079424,2.399599110584587,3.52437666332636
2.8636854413281827,6.426218310813862,9.379789063062326
0.00427762529591402,6.635457478493905,0.13904735381102862
1.58709799180219,3.8759079920501947,2.908270342950847
0.6150461102740187,4.21254583526683,0.6056711223984033
2.3307470593016855,7.76779745797376,6.7369692449698375
0.6559121184515002,2.3057224202753854,0.5387186570777295
2.0521832867290213,4.800165518953846,4.824761828757993
0.9527844646010883,4.791111525737587,1.2727292304236715
1.6597920630350556,5.722604293342519,3.432177934173604
1.215546184912677,0.9653693531564338,1.5051227653757093
1.087973260289646,5.360086121269872,1.6470564290353262
2.950481921192698,0.14942351743587245,8.385000837808622
0.032815663433156846,3.717976601493927,0.05287240133322079
1.1586857073026555,3.984693987192281,1.6714967266335603
1.123930090869433,1.1214206601633672,1.3068464134308786
0.006672438714169229,1.7833686405374785,0.010798588662020759
1.2867473653357546,6.373221506480592,2.308365072427323
0.2916406630294447,5.988048673968663,0.31959631996043875
1.3972615592473376,0.8587917532372771,1.9618465787976835
1.1363800424555337,0.5443144447065116,1.284367945466645
2.6850009260926675,1.934558511861228,7.30646880973187
2.238256396031599,2.989806023932955,5.317765109677463
1.60548702134693,5.586415583412957,3.2189644974948104
2.173731930106323,3.381530403668571,5.100145688895537
0.10851310567289808,6.533420429957936,0.1954285753508804
1.0217372847031692,6.200147850700506,1.579679001128431
2.8386794154816504,5.661213737426529,9.03330052029151
3.11325206009445,3.1875166557263643,10.077516637932012
1.1894370018911973,7.021981876447066,2.1152459961558776
2.765531115751821,0.8641718052864675,7.513279670302938
2.2210869191778553,3.7750897985006864,5.383842279891473
2.088933300176028,7.266119644982689,5.457964584587402
2.1249927774722814,6.843497713358249,5.538352458501687
1.6440868411849165,1.9574648631932572,2.8376711479387042
1.6082773449590393,0.39413144805090283,2.5273730638304834
0.3401473994901417,4.7563161763769,0.2985140535908527
1.5407230922850614,7.7022284390945535,3.3208560292145743
1.5035411195774557,6.513326693565344,3.009519372480936
1.910914546587641,2.172882401514584,3.817929341280266
1.6314540771282027,3.284523277515225,2.9746140761133386
1.319296148776256,4.0121341968735456,2.102891907762332
2.043624692833802,2.862348154391518,4.455033911492458
1.082706398513714,0.15236862745507196,1.1364270942027548
1.4926505840166502,2.4424074276343024,2.419632521133168
3.1098552527617396,7.906742333776096,11.360534327035413
2.7952559374198658,6.821829786223961,9.07281292489785
0.6888703603142794,4.797399685197481,0.7660921831716775
2.2228769935727914,2.6915187541915344,5.1953082631526755
1.0463231475040913,4.916295397303766,1.4978102274731864
2.552994696327548,1.8796259735847283,6.611443195891668
2.539535311937884,0.034006075062280594,6.192275857968583
0.2939017298661589,3.4116138136110292,0.19167157165247053
1.7463101036131448,3.16297404142266,3.356245903338367
1.803881201316103,3.795956887457045,3.6618686437530945
1.918834604944951,0.9275618611559349,3.663215727792538
3.0266067997554016,6.270993794350937,10.348208408196403
2.5192003734068718,0.9193784138033188,6.257719288815868
0.4985093917081608,2.893934102767047,0.36889360645480546
2.2204271445409187,2.787764946063435,5.201507870549671
0.3814609045563734,6.256669975403216,0.43418851718379586
2.4230062221037425,7.954433263419813,7.2604593799080765
1.6216771159984273,3.7647256602048467,3.0087044293447276
0.4065065270745067,7.908346377550992,0.5858716669817248
1.7844824602959846,5.91462327048249,3.927555198027052
0.718543845898408,4.660961701164893,0.8053452699509676
3.12582943295573,3.973552888288026,10.360895895385426
0.01680949598490054,7.112785273067788,0.1663191422532135
1.7900415446633293,5.239971343869017,3.838132295263269
1.8718513785038968,4.846889658471205,4.0909086226337195
0.4161087298876052,2.3115584911411675,0.2523563139976251
0.7434059678748376,3.7067429663895277,0.7723908932828504
0.9883077246416831,2.6896962812525826,1.1518919253787778
0.43878779279994873,6.4703701079374065,0.520516892391259
1.276199434780926,6.4070394709397736,2.2820364826168116
2.3104320271357235,4.087375958153957,5.858612321873008
1.321405114213162,0.2266109483604728,1.6966893698772891
2.7088501981431286,4.581737226621327,8.02352742055762
1.5758481964961688,6.308407611816132,3.2256397546178257
1.950791718678476,0.12258131346268986,3.667629327867952
3.0806590828538565,1.6203720773168628,9.487557119062405
2.231923339570897,4.615711150793976,5.592863712275603
2.7417616154761806,2.124667567721925,7.652243287661148
2.3766716197901268,1.277579757100372,5.642986071856129
1.822572111993246,4.676161951482694,3.871393379414587
0.010191953878704675,3.865596964420644,0.049439578864467204
2.590203949976691,5.811150577434577,7.655937282228177
2.1517629130143328,7.422696234669779,5.782326892069315
2.6735151505610704,1.5931420215804373,7.17460951683762
0.3466471754441538,2.0179849273952657,0.17858547044457254
0.03800977414384845,2.2620769433259884,0.02353102790341342
1.0185607739645495,7.678066375660204,1.7448562461163193
2.006254635500215,1.7261277841436602,4.120826288797526
2.4479487416588652,0.3591284203858587,5.811939059449138
0.840187272999102,0.3833018346684165,0.7008814308394279
2.3439055079559594,5.206167207970018,6.245972266034469
0.6848531985327085,7.698849499807947,1.016093919650052
2.0272330310237563,7.9054721026350485,5.306708966584337
0.016215645541460155,7.764609949244148,0.19692847275133216
0.28150328976888433,5.089274472203723,0.2603326953411454
0.42250581623744904,1.7372163937365714,0.23376604330063794
1.392297662555503,1.6979029558449064,2.0395328681371865
2.8615051606964585,6.2351031248302204,9.316788908275248
1.3401731193326851,5.9190336561767305,2.406191967149125
2.6184342670611067,7.250232973963177,8.158334999943392
0.6022801724106028,4.181174637377884,0.584683341695355
0.38086138989156054,4.424689415172548,0.32207600467000397
1.0887078477313523,6.44373588310008,1.7741029827107189
2.6487880876282768,5.575606047653195,7.9227932528944285
2.323229023454473,5.781458238475226,6.2645901561717015
0.08831035633105687,3.2223181421026856,0.0603897038281907
2.036774025716899,0.6768827968724267,4.080394103633291
1.2627800008557761,6.482458744941007,2.253050170860429
0.28243926946354697,5.354027489913409,0.2752004875307067
1.352204244426911,4.197182349302772,2.2196249473919716
1.273688653847038,0.5837707676512496,1.610974733231442
0.6612605979768474,3.7264414724076094,0.6410622745461867
2.7772011375823906,5.022295561995534,8.515836097723493
0.8170795717475807,2.6645562058592827,0.8201183824768268
3.119295918949837,7.643370540616805,11.344872100044482
0.55901900350865,4.031266183741395,0.5134973851341805
0.43253831291693556,5.229371011550527,0.4283247793135511
0.5333920996763954,2.310188888219985,0.3787317051994676
2.888111981403182,3.462186156887099,8.782804422322274
2.416624735281825,3.911183237120227,6.33833038438854
2.8487342930748696,6.493077712800888,9.307094573393378
0.5472412694577898,6.6739610239251554,0.6903004278816017
1.042290129744716,6.663989603982373,1.6831701519526094
0.8766712417294584,4.8823831403553095,1.1213001527065851
1.2291095844455564,1.4221649560885217,1.5819263172606404
1.734148180684242,4.232937866134566,3.471842778300747
2.5608496034145785,2.0792574989103736,6.691087695113451
1.7090939893299317,2.2998527636169603,3.1028804561281564
0.2882869946002657,2.274614478150629,0.1432991817590137
2.0959187660382748,0.40982075244428273,4.27630724634102
1.550218785688873,5.393149396807946,3.0010166146130457
0.2812548877210659,6.39320511400401,0.33324332006297314
3.024480764273575,4.483571603877348,9.858127207300363
1.3558531578021427,0.7316942503268891,1.836814271503052
0.08456744694363921,1.5346062584329232,0.02358412743742942
1.9152568264860028,2.234007780512437,3.8438645911960614
0.4927784193754557,4.697829867347833,0.4692194019163681
0.7059115940902425,5.192680346914874,0.827302436135746
0.5345288746184833,7.69353706403482,0.7560039945521579
0.32122347038157567,6.566252047695057,0.3858469355906303
0.6876292934059908,4.813933414250038,0.7653400935592418
0.4919441752620423,2.4769427036832106,0.3394581172818016
2.7392680578161466,2.65740755108905,7.7549993779485975
3.0406830526400928,2.158370679901659,9.375302560528883
2.2517806945332013,6.441884100284425,6.0548283181777345
1.0523854835253068,6.7315671848830005,1.7162915778440369
0.13673662984048038,6.508449662855163,0.2141606642010104
1.0924230539309263,4.686204356059069,1.5837187124234127
0.015657299280222366,5.705739695734616,0.10798398438346866
1.3313591773022846,5.467960767389476,2.320360661568759
1.2108704747763652,5.292995175748479,1.957643672060682
0.8811770233217439,1.2605830977140116,0.8301644601203448
0.6589015490612145,0.548500999420539,0.4435392435932213
0.06806172673326673,1.9965110594101256,0.026684165103223537
2.089992594514589,4.253913849319419,4.88996097097221
2.532873636951863,6.3553787449912775,7.472214745275955
1.5392954855067826,3.331544006603778,2.6786178300838333
1.1020968268534523,6.9863380767657866,1.8744610333967886
2.660266612847335,6.190715860214301,8.13415998222225
0.4513117931241157,0.4022537833221538,0.2090190461747539
2.120864755401032,2.355484277957486,4.693507649598735
1.7434469155518904,3.06289104999503,3.3314318309657263
2.3703918447296686,4.366251011486099,6.203338835645868
1.9942920838887157,5.85394798834518,4.7677088498373985
2.062519187615556,0.039767988934952925,4.086306423519753
2.2663025606620546,1.8789537553813451,5.245849435370638
2.5083099009707355,5.789283362056774,7.211136913054974
2.1340722046659835,7.39751332364389,5.693907917100918
2.440062415115805,5.554237803361244,6.80319756663796
1.9697819096990212,1.430962366226452,3.9321667601731187
1.5292861566251863,6.488990975630343,3.092876525595359
0.5972845904090581,2.1690939113272663,0.45064488091054117
1.0968828418967498,0.31759754167863363,1.1795871918391168
1.846206572932375,6.781428693715518,4.319379316913191
2.2541421092852416,7.183639475755318,6.22417823590597
0.6202758350993778,2.83473658997334,0.52136807526847
3.0258092486166794,6.688675788755426,10.45894344605554
1.4337539599694573,2.627556349093693,2.2660383815899205
2.8165143523837615,1.6842362165762106,7.967275908726596
